"GEO_ID","NAME","B03003_001E","B03003_001M","B03003_002E","B03003_002M","B03003_003E","B03003_003M",
"Geography","Geographic Area Name","Estimate!!Total:","Margin of Error!!Total:","Estimate!!Total:!!Not Hispanic or Latino","Margin of Error!!Total:!!Not Hispanic or Latino","Estimate!!Total:!!Hispanic or Latino","Margin of Error!!Total:!!Hispanic or Latino",
"1400000US53033000100","Census Tract 1, King County, Washington","8202","559","7330","552","872","459",
"1400000US53033000200","Census Tract 2, King County, Washington","8779","412","7826","509","953","282",
"1400000US53033000300","Census Tract 3, King County, Washington","2953","199","2810","215","143","70",
"1400000US53033000401","Census Tract 4.01, King County, Washington","7145","582","6772","551","373","208",
"1400000US53033000402","Census Tract 4.02, King County, Washington","5190","371","5045","388","145","123",
"1400000US53033000500","Census Tract 5, King County, Washington","3143","213","3070","214","73","55",
"1400000US53033000600","Census Tract 6, King County, Washington","8203","465","7337","496","866","318",
"1400000US53033000700","Census Tract 7, King County, Washington","5452","465","4760","489","692","320",
"1400000US53033000800","Census Tract 8, King County, Washington","2839","147","2817","146","22","27",
"1400000US53033000900","Census Tract 9, King County, Washington","2161","137","2077","142","84","46",
"1400000US53033001000","Census Tract 10, King County, Washington","2036","158","2007","158","29","22",
"1400000US53033001100","Census Tract 11, King County, Washington","2580","176","2439","176","141","88",
"1400000US53033001200","Census Tract 12, King County, Washington","6984","435","6452","428","532","220",
"1400000US53033001300","Census Tract 13, King County, Washington","4698","331","3973","298","725","189",
"1400000US53033001400","Census Tract 14, King County, Washington","5664","514","5512","508","152","62",
"1400000US53033001500","Census Tract 15, King County, Washington","2733","147","2714","149","19","22",
"1400000US53033001600","Census Tract 16, King County, Washington","4769","268","4582","280","187","94",
"1400000US53033001701","Census Tract 17.01, King County, Washington","4218","298","3881","250","337","282",
"1400000US53033001702","Census Tract 17.02, King County, Washington","5111","363","4623","381","488","235",
"1400000US53033001800","Census Tract 18, King County, Washington","4980","460","4689","477","291","159",
"1400000US53033001900","Census Tract 19, King County, Washington","5079","211","4884","227","195","121",
"1400000US53033002000","Census Tract 20, King County, Washington","3854","271","3720","277","134","73",
"1400000US53033002100","Census Tract 21, King County, Washington","4453","230","4237","264","216","120",
"1400000US53033002200","Census Tract 22, King County, Washington","5891","325","5622","357","269","146",
"1400000US53033002400","Census Tract 24, King County, Washington","3391","245","3265","263","126","102",
"1400000US53033002500","Census Tract 25, King County, Washington","3451","304","3331","328","120","97",
"1400000US53033002600","Census Tract 26, King County, Washington","5377","345","5053","380","324","263",
"1400000US53033002700","Census Tract 27, King County, Washington","6393","466","6102","506","291","235",
"1400000US53033002800","Census Tract 28, King County, Washington","5144","318","4973","348","171","119",
"1400000US53033002900","Census Tract 29, King County, Washington","4856","286","4631","297","225","124",
"1400000US53033003000","Census Tract 30, King County, Washington","6328","367","5954","336","374","258",
"1400000US53033003100","Census Tract 31, King County, Washington","6551","259","6102","367","449","257",
"1400000US53033003200","Census Tract 32, King County, Washington","9140","637","8599","660","541","310",
"1400000US53033003300","Census Tract 33, King County, Washington","8205","492","7652","534","553","178",
"1400000US53033003400","Census Tract 34, King County, Washington","3604","239","3470","248","134","83",
"1400000US53033003500","Census Tract 35, King County, Washington","4269","196","4068","221","201","125",
"1400000US53033003600","Census Tract 36, King County, Washington","7594","454","7323","504","271","162",
"1400000US53033003800","Census Tract 38, King County, Washington","2471","150","2395","162","76","63",
"1400000US53033003900","Census Tract 39, King County, Washington","3097","186","3012","195","85","60",
"1400000US53033004000","Census Tract 40, King County, Washington","3236","234","3184","236","52","46",
"1400000US53033004100","Census Tract 41, King County, Washington","8102","443","7862","439","240","147",
"1400000US53033004200","Census Tract 42, King County, Washington","8100","451","7830","463","270","148",
"1400000US53033004301","Census Tract 43.01, King County, Washington","4047","268","3754","294","293","147",
"1400000US53033004302","Census Tract 43.02, King County, Washington","4046","419","3885","434","161","85",
"1400000US53033004400","Census Tract 44, King County, Washington","7664","832","6998","743","666","284",
"1400000US53033004500","Census Tract 45, King County, Washington","3388","401","3166","392","222","96",
"1400000US53033004600","Census Tract 46, King County, Washington","3627","203","3542","207","85","53",
"1400000US53033004700","Census Tract 47, King County, Washington","10303","619","9666","658","637","317",
"1400000US53033004800","Census Tract 48, King County, Washington","5415","333","5269","336","146","119",
"1400000US53033004900","Census Tract 49, King County, Washington","7489","605","7117","652","372","181",
"1400000US53033005000","Census Tract 50, King County, Washington","4404","551","4150","582","254","199",
"1400000US53033005100","Census Tract 51, King County, Washington","3687","236","3502","226","185","133",
"1400000US53033005200","Census Tract 52, King County, Washington","6916","659","6597","655","319","167",
"1400000US53033005301","Census Tract 53.01, King County, Washington","8829","673","8459","652","370","114",
"1400000US53033005302","Census Tract 53.02, King County, Washington","5926","582","5519","558","407","128",
"1400000US53033005400","Census Tract 54, King County, Washington","6417","406","6148","407","269","137",
"1400000US53033005600","Census Tract 56, King County, Washington","7038","384","6705","423","333","177",
"1400000US53033005700","Census Tract 57, King County, Washington","6851","324","6430","371","421","175",
"1400000US53033005801","Census Tract 58.01, King County, Washington","5784","410","5239","439","545","197",
"1400000US53033005802","Census Tract 58.02, King County, Washington","6263","439","5936","445","327","180",
"1400000US53033005900","Census Tract 59, King County, Washington","8137","517","7788","473","349","174",
"1400000US53033006000","Census Tract 60, King County, Washington","6300","376","6063","382","237","124",
"1400000US53033006100","Census Tract 61, King County, Washington","5412","460","5329","445","83","85",
"1400000US53033006200","Census Tract 62, King County, Washington","4536","256","4338","271","198","108",
"1400000US53033006300","Census Tract 63, King County, Washington","5851","576","5807","583","44","47",
"1400000US53033006400","Census Tract 64, King County, Washington","3739","192","3616","206","123","64",
"1400000US53033006500","Census Tract 65, King County, Washington","4926","483","4615","475","311","156",
"1400000US53033006600","Census Tract 66, King County, Washington","4261","399","4115","412","146","89",
"1400000US53033006700","Census Tract 67, King County, Washington","9365","834","8960","819","405","189",
"1400000US53033006800","Census Tract 68, King County, Washington","3472","230","3346","225","126","57",
"1400000US53033006900","Census Tract 69, King County, Washington","5164","387","4937","367","227","129",
"1400000US53033007000","Census Tract 70, King County, Washington","7492","498","7074","514","418","217",
"1400000US53033007100","Census Tract 71, King County, Washington","5301","438","4657","448","644","361",
"1400000US53033007200","Census Tract 72, King County, Washington","11293","975","10604","983","689","308",
"1400000US53033007300","Census Tract 73, King County, Washington","8480","517","7685","563","795","284",
"1400000US53033007401","Census Tract 74.01, King County, Washington","5662","335","5282","358","380","151",
"1400000US53033007402","Census Tract 74.02, King County, Washington","5702","386","5353","429","349","165",
"1400000US53033007500","Census Tract 75, King County, Washington","9387","773","8869","815","518","278",
"1400000US53033007600","Census Tract 76, King County, Washington","4569","324","4193","401","376","248",
"1400000US53033007700","Census Tract 77, King County, Washington","5475","377","5077","431","398","190",
"1400000US53033007800","Census Tract 78, King County, Washington","5900","363","5692","377","208","152",
"1400000US53033007900","Census Tract 79, King County, Washington","6434","335","6086","330","348","139",
"1400000US53033008001","Census Tract 80.01, King County, Washington","7183","534","6707","513","476","229",
"1400000US53033008002","Census Tract 80.02, King County, Washington","3785","350","3582","363","203","113",
"1400000US53033008100","Census Tract 81, King County, Washington","4908","477","4488","439","420","201",
"1400000US53033008200","Census Tract 82, King County, Washington","4276","399","4128","401","148","79",
"1400000US53033008300","Census Tract 83, King County, Washington","3195","286","2967","279","228","86",
"1400000US53033008400","Census Tract 84, King County, Washington","5089","395","4855","382","234","134",
"1400000US53033008500","Census Tract 85, King County, Washington","4297","382","3912","360","385","150",
"1400000US53033008600","Census Tract 86, King County, Washington","6474","763","5652","618","822","395",
"1400000US53033008700","Census Tract 87, King County, Washington","4442","375","4033","399","409","181",
"1400000US53033008800","Census Tract 88, King County, Washington","4678","372","4419","376","259","254",
"1400000US53033008900","Census Tract 89, King County, Washington","6156","405","5764","426","392","257",
"1400000US53033009000","Census Tract 90, King County, Washington","3472","269","3309","279","163","86",
"1400000US53033009100","Census Tract 91, King County, Washington","2637","313","2490","291","147","122",
"1400000US53033009200","Census Tract 92, King County, Washington","2581","278","2406","276","175","85",
"1400000US53033009300","Census Tract 93, King County, Washington","3179","360","2954","347","225","121",
"1400000US53033009400","Census Tract 94, King County, Washington","7095","616","5516","463","1579","543",
"1400000US53033009500","Census Tract 95, King County, Washington","6788","406","6594","425","194","122",
"1400000US53033009600","Census Tract 96, King County, Washington","5771","326","5482","370","289","176",
"1400000US53033009701","Census Tract 97.01, King County, Washington","6019","397","5619","417","400","219",
"1400000US53033009702","Census Tract 97.02, King County, Washington","5695","373","5368","393","327","212",
"1400000US53033009800","Census Tract 98, King County, Washington","7318","384","6945","384","373","137",
"1400000US53033009900","Census Tract 99, King County, Washington","5896","493","5455","488","441","198",
"1400000US53033010001","Census Tract 100.01, King County, Washington","4619","383","4265","377","354","261",
"1400000US53033010002","Census Tract 100.02, King County, Washington","4843","413","4138","434","705","281",
"1400000US53033010100","Census Tract 101, King County, Washington","8671","610","7929","644","742","368",
"1400000US53033010200","Census Tract 102, King County, Washington","4946","266","4758","280","188","106",
"1400000US53033010300","Census Tract 103, King County, Washington","7519","932","7272","941","247","107",
"1400000US53033010401","Census Tract 104.01, King County, Washington","4321","427","3987","467","334","167",
"1400000US53033010402","Census Tract 104.02, King County, Washington","4900","375","4244","391","656","303",
"1400000US53033010500","Census Tract 105, King County, Washington","9195","590","8789","624","406","146",
"1400000US53033010600","Census Tract 106, King County, Washington","8650","443","7909","439","741","292",
"1400000US53033010701","Census Tract 107.01, King County, Washington","3978","328","3632","277","346","106",
"1400000US53033010702","Census Tract 107.02, King County, Washington","4806","345","4440","446","366","248",
"1400000US53033010800","Census Tract 108, King County, Washington","4902","374","4364","321","538","198",
"1400000US53033010900","Census Tract 109, King County, Washington","1094","138","947","123","147","69",
"1400000US53033011001","Census Tract 110.01, King County, Washington","5006","363","4729","400","277","161",
"1400000US53033011002","Census Tract 110.02, King County, Washington","4923","434","4760","463","163","150",
"1400000US53033011101","Census Tract 111.01, King County, Washington","5561","451","5237","442","324","133",
"1400000US53033011102","Census Tract 111.02, King County, Washington","5160","470","4714","423","446","297",
"1400000US53033011200","Census Tract 112, King County, Washington","3651","343","2839","388","812","317",
"1400000US53033011300","Census Tract 113, King County, Washington","6656","447","5619","482","1037","374",
"1400000US53033011401","Census Tract 114.01, King County, Washington","4489","269","3917","295","572","330",
"1400000US53033011402","Census Tract 114.02, King County, Washington","4236","298","2986","369","1250","341",
"1400000US53033011500","Census Tract 115, King County, Washington","4539","309","4362","319","177","104",
"1400000US53033011600","Census Tract 116, King County, Washington","7065","398","6557","456","508","292",
"1400000US53033011700","Census Tract 117, King County, Washington","5467","473","5072","492","395","166",
"1400000US53033011800","Census Tract 118, King County, Washington","8708","860","7494","827","1214","514",
"1400000US53033011900","Census Tract 119, King County, Washington","7519","731","6917","754","602","184",
"1400000US53033012000","Census Tract 120, King County, Washington","3701","256","3478","271","223","105",
"1400000US53033012100","Census Tract 121, King County, Washington","2772","184","2463","209","309","175",
"1400000US53033020100","Census Tract 201, King County, Washington","3319","189","3207","185","112","74",
"1400000US53033020200","Census Tract 202, King County, Washington","5307","453","5175","466","132","84",
"1400000US53033020300","Census Tract 203, King County, Washington","7358","471","6397","576","961","414",
"1400000US53033020401","Census Tract 204.01, King County, Washington","3658","237","3509","231","149","98",
"1400000US53033020402","Census Tract 204.02, King County, Washington","5510","349","4976","351","534","368",
"1400000US53033020500","Census Tract 205, King County, Washington","6962","449","5959","547","1003","490",
"1400000US53033020600","Census Tract 206, King County, Washington","3678","266","3469","260","209","132",
"1400000US53033020700","Census Tract 207, King County, Washington","4064","298","3462","343","602","296",
"1400000US53033020800","Census Tract 208, King County, Washington","4279","193","4072","210","207","120",
"1400000US53033020900","Census Tract 209, King County, Washington","3420","284","3302","287","118","126",
"1400000US53033021000","Census Tract 210, King County, Washington","6024","403","5460","371","564","221",
"1400000US53033021100","Census Tract 211, King County, Washington","4396","342","4237","325","159","88",
"1400000US53033021300","Census Tract 213, King County, Washington","4064","281","3714","237","350","249",
"1400000US53033021400","Census Tract 214, King County, Washington","3961","204","3888","199","73","71",
"1400000US53033021500","Census Tract 215, King County, Washington","4821","314","4627","323","194","101",
"1400000US53033021600","Census Tract 216, King County, Washington","4903","322","4693","321","210","109",
"1400000US53033021700","Census Tract 217, King County, Washington","8980","478","7863","545","1117","430",
"1400000US53033021802","Census Tract 218.02, King County, Washington","6014","394","5386","356","628","234",
"1400000US53033021803","Census Tract 218.03, King County, Washington","5034","387","4790","427","244","160",
"1400000US53033021804","Census Tract 218.04, King County, Washington","5194","488","4309","587","885","405",
"1400000US53033021903","Census Tract 219.03, King County, Washington","6225","463","5719","472","506","232",
"1400000US53033021904","Census Tract 219.04, King County, Washington","5231","262","4832","309","399","206",
"1400000US53033021905","Census Tract 219.05, King County, Washington","5669","387","4639","386","1030","426",
"1400000US53033021906","Census Tract 219.06, King County, Washington","4582","343","4046","298","536","323",
"1400000US53033022001","Census Tract 220.01, King County, Washington","5729","487","5042","371","687","483",
"1400000US53033022003","Census Tract 220.03, King County, Washington","5245","375","4660","419","585","277",
"1400000US53033022005","Census Tract 220.05, King County, Washington","5024","328","4733","339","291","173",
"1400000US53033022006","Census Tract 220.06, King County, Washington","3879","396","3579","373","300","176",
"1400000US53033022101","Census Tract 221.01, King County, Washington","4944","294","4794","292","150","101",
"1400000US53033022102","Census Tract 221.02, King County, Washington","6366","376","6027","394","339","175",
"1400000US53033022201","Census Tract 222.01, King County, Washington","4707","252","4374","243","333","123",
"1400000US53033022202","Census Tract 222.02, King County, Washington","7437","474","7004","484","433","198",
"1400000US53033022203","Census Tract 222.03, King County, Washington","5004","295","4808","298","196","113",
"1400000US53033022300","Census Tract 223, King County, Washington","2669","196","2549","190","120","79",
"1400000US53033022400","Census Tract 224, King County, Washington","8829","460","8489","458","340","146",
"1400000US53033022500","Census Tract 225, King County, Washington","8429","492","7635","565","794","354",
"1400000US53033022603","Census Tract 226.03, King County, Washington","6234","358","5739","373","495","331",
"1400000US53033022604","Census Tract 226.04, King County, Washington","5090","292","4677","348","413","197",
"1400000US53033022605","Census Tract 226.05, King County, Washington","6621","431","5506","440","1115","497",
"1400000US53033022606","Census Tract 226.06, King County, Washington","6279","360","5978","358","301","189",
"1400000US53033022701","Census Tract 227.01, King County, Washington","3322","281","3105","267","217","103",
"1400000US53033022702","Census Tract 227.02, King County, Washington","4196","337","4126","333","70","40",
"1400000US53033022703","Census Tract 227.03, King County, Washington","2564","208","2392","209","172","128",
"1400000US53033022801","Census Tract 228.01, King County, Washington","9124","550","8593","521","531","303",
"1400000US53033022802","Census Tract 228.02, King County, Washington","5253","294","5092","292","161","74",
"1400000US53033022803","Census Tract 228.03, King County, Washington","6223","472","5533","495","690","482",
"1400000US53033022901","Census Tract 229.01, King County, Washington","2821","211","2762","215","59","52",
"1400000US53033022902","Census Tract 229.02, King County, Washington","6663","453","6526","467","137","88",
"1400000US53033023000","Census Tract 230, King County, Washington","6169","354","5860","350","309","133",
"1400000US53033023100","Census Tract 231, King County, Washington","4188","264","3754","271","434","222",
"1400000US53033023201","Census Tract 232.01, King County, Washington","6615","380","6409","428","206","213",
"1400000US53033023202","Census Tract 232.02, King County, Washington","4599","270","3435","287","1164","224",
"1400000US53033023300","Census Tract 233, King County, Washington","7291","551","6466","469","825","335",
"1400000US53033023401","Census Tract 234.01, King County, Washington","3951","261","3625","309","326","194",
"1400000US53033023403","Census Tract 234.03, King County, Washington","4334","257","4050","276","284","205",
"1400000US53033023404","Census Tract 234.04, King County, Washington","3547","207","3317","220","230","144",
"1400000US53033023500","Census Tract 235, King County, Washington","4065","211","3898","219","167","121",
"1400000US53033023601","Census Tract 236.01, King County, Washington","4357","272","4090","299","267","135",
"1400000US53033023603","Census Tract 236.03, King County, Washington","6562","475","5834","513","728","514",
"1400000US53033023604","Census Tract 236.04, King County, Washington","6297","456","5488","506","809","486",
"1400000US53033023700","Census Tract 237, King County, Washington","4593","241","4410","261","183","112",
"1400000US53033023801","Census Tract 238.01, King County, Washington","3419","393","2905","281","514","420",
"1400000US53033023803","Census Tract 238.03, King County, Washington","5704","486","5472","510","232","143",
"1400000US53033023804","Census Tract 238.04, King County, Washington","7965","453","7747","453","218","117",
"1400000US53033023900","Census Tract 239, King County, Washington","7006","406","6615","375","391","216",
"1400000US53033024000","Census Tract 240, King County, Washington","7656","442","7411","441","245","131",
"1400000US53033024100","Census Tract 241, King County, Washington","4920","126","4843","116","77","35",
"1400000US53033024200","Census Tract 242, King County, Washington","3260","26","3142","75","118","75",
"1400000US53033024300","Census Tract 243, King County, Washington","9008","476","8879","474","129","86",
"1400000US53033024400","Census Tract 244, King County, Washington","3108","270","2825","255","283","202",
"1400000US53033024500","Census Tract 245, King County, Washington","5133","291","4903","291","230","149",
"1400000US53033024601","Census Tract 246.01, King County, Washington","4530","202","4491","205","39","48",
"1400000US53033024602","Census Tract 246.02, King County, Washington","3896","177","3735","206","161","118",
"1400000US53033024701","Census Tract 247.01, King County, Washington","3991","430","3692","499","299","141",
"1400000US53033024702","Census Tract 247.02, King County, Washington","7670","387","7412","399","258","148",
"1400000US53033024800","Census Tract 248, King County, Washington","5930","468","5210","527","720","265",
"1400000US53033024901","Census Tract 249.01, King County, Washington","5230","253","5159","258","71","58",
"1400000US53033024902","Census Tract 249.02, King County, Washington","4168","224","3959","254","209","121",
"1400000US53033024903","Census Tract 249.03, King County, Washington","6730","508","6556","501","174","141",
"1400000US53033025001","Census Tract 250.01, King County, Washington","5375","306","4942","345","433","237",
"1400000US53033025003","Census Tract 250.03, King County, Washington","7014","488","6703","474","311","144",
"1400000US53033025005","Census Tract 250.05, King County, Washington","5197","315","4913","296","284","123",
"1400000US53033025006","Census Tract 250.06, King County, Washington","6340","409","6183","426","157","135",
"1400000US53033025101","Census Tract 251.01, King County, Washington","6633","637","5786","677","847","413",
"1400000US53033025102","Census Tract 251.02, King County, Washington","8239","429","7504","451","735","188",
"1400000US53033025200","Census Tract 252, King County, Washington","8999","439","7342","519","1657","525",
"1400000US53033025301","Census Tract 253.01, King County, Washington","6613","428","5768","462","845","382",
"1400000US53033025302","Census Tract 253.02, King County, Washington","5414","543","4773","542","641","259",
"1400000US53033025400","Census Tract 254, King County, Washington","7282","548","5266","495","2016","513",
"1400000US53033025500","Census Tract 255, King County, Washington","5004","310","3583","305","1421","280",
"1400000US53033025601","Census Tract 256.01, King County, Washington","5363","423","4323","472","1040","370",
"1400000US53033025602","Census Tract 256.02, King County, Washington","6463","453","5960","460","503","204",
"1400000US53033025701","Census Tract 257.01, King County, Washington","6535","404","5781","430","754","438",
"1400000US53033025702","Census Tract 257.02, King County, Washington","3543","224","3258","248","285","110",
"1400000US53033025803","Census Tract 258.03, King County, Washington","4716","468","3207","428","1509","447",
"1400000US53033025804","Census Tract 258.04, King County, Washington","3518","314","3098","286","420","214",
"1400000US53033025805","Census Tract 258.05, King County, Washington","5244","384","4334","457","910","296",
"1400000US53033025806","Census Tract 258.06, King County, Washington","5406","374","5218","381","188","115",
"1400000US53033026001","Census Tract 260.01, King County, Washington","5650","362","5141","400","509","163",
"1400000US53033026002","Census Tract 260.02, King County, Washington","8348","809","7630","865","718","230",
"1400000US53033026100","Census Tract 261, King County, Washington","8433","772","7563","764","870","581",
"1400000US53033026200","Census Tract 262, King County, Washington","5736","488","4937","585","799","342",
"1400000US53033026300","Census Tract 263, King County, Washington","1588","159","1453","165","135","88",
"1400000US53033026400","Census Tract 264, King County, Washington","5959","765","3678","635","2281","717",
"1400000US53033026500","Census Tract 265, King County, Washington","4317","442","3208","452","1109","330",
"1400000US53033026600","Census Tract 266, King County, Washington","2285","192","2117","169","168","125",
"1400000US53033026700","Census Tract 267, King County, Washington","5604","490","4585","652","1019","410",
"1400000US53033026801","Census Tract 268.01, King County, Washington","6056","642","3869","735","2187","875",
"1400000US53033026802","Census Tract 268.02, King County, Washington","5524","515","4116","427","1408","399",
"1400000US53033027000","Census Tract 270, King County, Washington","3162","226","2521","241","641","150",
"1400000US53033027100","Census Tract 271, King County, Washington","3790","464","2692","348","1098","296",
"1400000US53033027200","Census Tract 272, King County, Washington","2601","253","2108","257","493","185",
"1400000US53033027300","Census Tract 273, King County, Washington","5598","360","4529","364","1069","180",
"1400000US53033027400","Census Tract 274, King County, Washington","5432","385","4350","350","1082","257",
"1400000US53033027500","Census Tract 275, King County, Washington","4762","301","3635","238","1127","294",
"1400000US53033027600","Census Tract 276, King County, Washington","4674","363","3366","355","1308","297",
"1400000US53033027701","Census Tract 277.01, King County, Washington","5310","431","4879","501","431","269",
"1400000US53033027702","Census Tract 277.02, King County, Washington","4981","423","4905","424","76","51",
"1400000US53033027800","Census Tract 278, King County, Washington","3375","215","3314","229","61","63",
"1400000US53033027900","Census Tract 279, King County, Washington","8085","688","6549","720","1536","643",
"1400000US53033028000","Census Tract 280, King County, Washington","4643","418","3357","495","1286","336",
"1400000US53033028100","Census Tract 281, King County, Washington","2829","240","2620","260","209","140",
"1400000US53033028200","Census Tract 282, King County, Washington","4940","402","4042","445","898","373",
"1400000US53033028300","Census Tract 283, King County, Washington","5359","383","4911","398","448","159",
"1400000US53033028402","Census Tract 284.02, King County, Washington","5273","410","4613","418","660","152",
"1400000US53033028403","Census Tract 284.03, King County, Washington","5119","637","4496","597","623","345",
"1400000US53033028500","Census Tract 285, King County, Washington","4244","353","3037","341","1207","413",
"1400000US53033028600","Census Tract 286, King County, Washington","6524","314","6135","454","389","315",
"1400000US53033028700","Census Tract 287, King County, Washington","5373","397","4434","484","939","306",
"1400000US53033028801","Census Tract 288.01, King County, Washington","3480","486","2461","397","1019","341",
"1400000US53033028802","Census Tract 288.02, King County, Washington","6993","447","5569","526","1424","391",
"1400000US53033028901","Census Tract 289.01, King County, Washington","3334","267","3031","248","303","188",
"1400000US53033028902","Census Tract 289.02, King County, Washington","7184","704","4780","597","2404","754",
"1400000US53033029001","Census Tract 290.01, King County, Washington","4795","317","4377","327","418","183",
"1400000US53033029003","Census Tract 290.03, King County, Washington","5694","506","4416","568","1278","424",
"1400000US53033029004","Census Tract 290.04, King County, Washington","3978","350","2359","425","1619","433",
"1400000US53033029101","Census Tract 291.01, King County, Washington","3327","347","2975","277","352","165",
"1400000US53033029102","Census Tract 291.02, King County, Washington","4741","451","3678","399","1063","268",
"1400000US53033029203","Census Tract 292.03, King County, Washington","4284","372","3135","363","1149","391",
"1400000US53033029204","Census Tract 292.04, King County, Washington","7704","595","5934","495","1770","577",
"1400000US53033029205","Census Tract 292.05, King County, Washington","5097","461","4006","439","1091","349",
"1400000US53033029206","Census Tract 292.06, King County, Washington","4272","460","3116","434","1156","253",
"1400000US53033029303","Census Tract 293.03, King County, Washington","7460","461","7083","464","377","138",
"1400000US53033029304","Census Tract 293.04, King County, Washington","5416","379","4728","349","688","256",
"1400000US53033029305","Census Tract 293.05, King County, Washington","4177","362","3834","381","343","220",
"1400000US53033029306","Census Tract 293.06, King County, Washington","3756","344","3565","357","191","115",
"1400000US53033029307","Census Tract 293.07, King County, Washington","4314","374","4029","436","285","150",
"1400000US53033029403","Census Tract 294.03, King County, Washington","6016","401","5258","401","758","252",
"1400000US53033029405","Census Tract 294.05, King County, Washington","5798","382","5228","461","570","309",
"1400000US53033029406","Census Tract 294.06, King County, Washington","5223","373","4824","382","399","130",
"1400000US53033029407","Census Tract 294.07, King County, Washington","4954","435","4316","397","638","241",
"1400000US53033029408","Census Tract 294.08, King County, Washington","4087","394","2751","217","1336","385",
"1400000US53033029502","Census Tract 295.02, King County, Washington","7757","573","7384","579","373","116",
"1400000US53033029503","Census Tract 295.03, King County, Washington","8975","544","7321","766","1654","595",
"1400000US53033029504","Census Tract 295.04, King County, Washington","6004","626","4759","675","1245","656",
"1400000US53033029601","Census Tract 296.01, King County, Washington","7578","601","7087","660","491","258",
"1400000US53033029602","Census Tract 296.02, King County, Washington","6293","448","5714","445","579","212",
"1400000US53033029700","Census Tract 297, King County, Washington","7710","628","6240","595","1470","482",
"1400000US53033029801","Census Tract 298.01, King County, Washington","9802","729","8251","874","1551","718",
"1400000US53033029802","Census Tract 298.02, King County, Washington","9316","837","7702","921","1614","706",
"1400000US53033029901","Census Tract 299.01, King County, Washington","4533","323","4046","313","487","108",
"1400000US53033029902","Census Tract 299.02, King County, Washington","4821","357","4365","455","456","281",
"1400000US53033030003","Census Tract 300.03, King County, Washington","6524","419","4859","434","1665","336",
"1400000US53033030004","Census Tract 300.04, King County, Washington","8888","897","6509","951","2379","988",
"1400000US53033030005","Census Tract 300.05, King County, Washington","5919","407","3323","424","2596","525",
"1400000US53033030006","Census Tract 300.06, King County, Washington","3964","352","2703","352","1261","278",
"1400000US53033030100","Census Tract 301, King County, Washington","7568","665","6956","537","612","368",
"1400000US53033030201","Census Tract 302.01, King County, Washington","5476","696","4397","361","1079","510",
"1400000US53033030202","Census Tract 302.02, King County, Washington","7240","405","5850","443","1390","325",
"1400000US53033030304","Census Tract 303.04, King County, Washington","4216","360","3448","524","768","366",
"1400000US53033030305","Census Tract 303.05, King County, Washington","4981","367","4359","311","622","232",
"1400000US53033030306","Census Tract 303.06, King County, Washington","5516","424","4774","336","742","212",
"1400000US53033030308","Census Tract 303.08, King County, Washington","7017","438","6019","507","998","419",
"1400000US53033030309","Census Tract 303.09, King County, Washington","5503","449","4891","430","612","289",
"1400000US53033030310","Census Tract 303.10, King County, Washington","6590","508","5764","518","826","238",
"1400000US53033030311","Census Tract 303.11, King County, Washington","5071","299","3843","313","1228","233",
"1400000US53033030312","Census Tract 303.12, King County, Washington","5104","374","4307","389","797","204",
"1400000US53033030313","Census Tract 303.13, King County, Washington","4416","424","3348","345","1068","397",
"1400000US53033030314","Census Tract 303.14, King County, Washington","4362","388","3751","400","611","286",
"1400000US53033030401","Census Tract 304.01, King County, Washington","9305","693","8524","689","781","369",
"1400000US53033030403","Census Tract 304.03, King County, Washington","4593","221","4329","316","264","241",
"1400000US53033030404","Census Tract 304.04, King County, Washington","5028","309","4520","301","508","277",
"1400000US53033030501","Census Tract 305.01, King County, Washington","1944","232","1763","211","181","117",
"1400000US53033030503","Census Tract 305.03, King County, Washington","5269","594","4779","570","490","298",
"1400000US53033030504","Census Tract 305.04, King County, Washington","4655","350","4037","429","618","310",
"1400000US53033030600","Census Tract 306, King County, Washington","5533","564","4380","473","1153","558",
"1400000US53033030700","Census Tract 307, King County, Washington","4077","367","3155","409","922","455",
"1400000US53033030801","Census Tract 308.01, King County, Washington","6989","781","3669","757","3320","627",
"1400000US53033030802","Census Tract 308.02, King County, Washington","3481","391","2678","424","803","295",
"1400000US53033030901","Census Tract 309.01, King County, Washington","3786","296","3157","329","629","238",
"1400000US53033030902","Census Tract 309.02, King County, Washington","6350","291","4811","397","1539","351",
"1400000US53033031000","Census Tract 310, King County, Washington","4518","311","4180","323","338","147",
"1400000US53033031100","Census Tract 311, King County, Washington","7284","392","5700","424","1584","483",
"1400000US53033031202","Census Tract 312.02, King County, Washington","6541","550","5945","542","596","253",
"1400000US53033031204","Census Tract 312.04, King County, Washington","6093","428","5479","420","614","203",
"1400000US53033031205","Census Tract 312.05, King County, Washington","8370","666","6838","688","1532","845",
"1400000US53033031206","Census Tract 312.06, King County, Washington","5692","434","4729","431","963","295",
"1400000US53033031301","Census Tract 313.01, King County, Washington","2565","262","2164","250","401","223",
"1400000US53033031302","Census Tract 313.02, King County, Washington","4387","281","3845","272","542","163",
"1400000US53033031400","Census Tract 314, King County, Washington","6134","382","5371","502","763","560",
"1400000US53033031501","Census Tract 315.01, King County, Washington","4142","353","4061","353","81","60",
"1400000US53033031502","Census Tract 315.02, King County, Washington","4280","321","3972","343","308","203",
"1400000US53033031601","Census Tract 316.01, King County, Washington","5499","291","4829","275","670","233",
"1400000US53033031603","Census Tract 316.03, King County, Washington","6727","387","6342","394","385","166",
"1400000US53033031604","Census Tract 316.04, King County, Washington","5907","310","5505","312","402","104",
"1400000US53033031605","Census Tract 316.05, King County, Washington","4212","431","3816","438","396","291",
"1400000US53033031703","Census Tract 317.03, King County, Washington","6917","583","6268","522","649","242",
"1400000US53033031704","Census Tract 317.04, King County, Washington","6101","417","5449","373","652","261",
"1400000US53033031705","Census Tract 317.05, King County, Washington","4157","327","4027","333","130","120",
"1400000US53033031706","Census Tract 317.06, King County, Washington","8335","508","7375","533","960","329",
"1400000US53033031800","Census Tract 318, King County, Washington","4727","304","4619","305","108","65",
"1400000US53033031903","Census Tract 319.03, King County, Washington","7213","440","6731","446","482","112",
"1400000US53033031904","Census Tract 319.04, King County, Washington","3368","205","3246","197","122","99",
"1400000US53033031906","Census Tract 319.06, King County, Washington","4017","216","3946","218","71","65",
"1400000US53033031907","Census Tract 319.07, King County, Washington","8284","529","7590","463","694","236",
"1400000US53033031908","Census Tract 319.08, King County, Washington","4377","471","4017","468","360","208",
"1400000US53033031909","Census Tract 319.09, King County, Washington","3261","195","3156","219","105","80",
"1400000US53033032002","Census Tract 320.02, King County, Washington","3230","234","3157","251","73","64",
"1400000US53033032003","Census Tract 320.03, King County, Washington","5557","370","5223","438","334","217",
"1400000US53033032005","Census Tract 320.05, King County, Washington","6814","452","6342","446","472","313",
"1400000US53033032006","Census Tract 320.06, King County, Washington","5562","267","5261","290","301","145",
"1400000US53033032007","Census Tract 320.07, King County, Washington","3513","377","3365","372","148","117",
"1400000US53033032008","Census Tract 320.08, King County, Washington","4508","186","4125","235","383","195",
"1400000US53033032010","Census Tract 320.10, King County, Washington","6229","356","5930","403","299","170",
"1400000US53033032011","Census Tract 320.11, King County, Washington","4455","251","4252","273","203","163",
"1400000US53033032102","Census Tract 321.02, King County, Washington","5277","546","5051","489","226","167",
"1400000US53033032103","Census Tract 321.03, King County, Washington","5410","457","4726","545","684","480",
"1400000US53033032104","Census Tract 321.04, King County, Washington","6267","471","5241","370","1026","440",
"1400000US53033032203","Census Tract 322.03, King County, Washington","8320","406","7929","424","391","149",
"1400000US53033032207","Census Tract 322.07, King County, Washington","3871","231","3763","231","108","86",
"1400000US53033032208","Census Tract 322.08, King County, Washington","9649","626","8912","653","737","328",
"1400000US53033032210","Census Tract 322.10, King County, Washington","15208","656","13948","705","1260","405",
"1400000US53033032211","Census Tract 322.11, King County, Washington","5047","237","4828","240","219","146",
"1400000US53033032212","Census Tract 322.12, King County, Washington","8209","542","7872","586","337","255",
"1400000US53033032213","Census Tract 322.13, King County, Washington","4306","239","4161","245","145","86",
"1400000US53033032214","Census Tract 322.14, King County, Washington","6876","359","6688","372","188","120",
"1400000US53033032215","Census Tract 322.15, King County, Washington","5189","281","5114","291","75","94",
"1400000US53033032307","Census Tract 323.07, King County, Washington","6034","348","5840","359","194","96",
"1400000US53033032309","Census Tract 323.09, King County, Washington","8842","494","8451","462","391","198",
"1400000US53033032311","Census Tract 323.11, King County, Washington","5836","430","5630","462","206","132",
"1400000US53033032313","Census Tract 323.13, King County, Washington","6858","457","6434","483","424","265",
"1400000US53033032315","Census Tract 323.15, King County, Washington","5335","355","5128","348","207","107",
"1400000US53033032316","Census Tract 323.16, King County, Washington","5463","223","5414","234","49","45",
"1400000US53033032317","Census Tract 323.17, King County, Washington","6548","341","6188","358","360","166",
"1400000US53033032318","Census Tract 323.18, King County, Washington","7115","246","6912","282","203","136",
"1400000US53033032319","Census Tract 323.19, King County, Washington","5994","350","5602","368","392","200",
"1400000US53033032320","Census Tract 323.20, King County, Washington","4659","254","4460","289","199","142",
"1400000US53033032321","Census Tract 323.21, King County, Washington","6655","289","6360","312","295","182",
"1400000US53033032322","Census Tract 323.22, King County, Washington","3448","163","3355","168","93","71",
"1400000US53033032323","Census Tract 323.23, King County, Washington","6061","427","5555","456","506","276",
"1400000US53033032324","Census Tract 323.24, King County, Washington","6066","370","5350","448","716","424",
"1400000US53033032325","Census Tract 323.25, King County, Washington","6026","539","5557","486","469","255",
"1400000US53033032326","Census Tract 323.26, King County, Washington","3667","141","3342","178","325","153",
"1400000US53033032327","Census Tract 323.27, King County, Washington","4313","191","4109","223","204","121",
"1400000US53033032328","Census Tract 323.28, King County, Washington","3435","179","3331","203","104","85",
"1400000US53033032329","Census Tract 323.29, King County, Washington","8926","458","8582","494","344","188",
"1400000US53033032401","Census Tract 324.01, King County, Washington","6174","634","6130","642","44","38",
"1400000US53033032402","Census Tract 324.02, King County, Washington","7025","590","6137","639","888","447",
"1400000US53033032500","Census Tract 325, King County, Washington","5447","417","5092","424","355","155",
"1400000US53033032601","Census Tract 326.01, King County, Washington","3166","383","2857","350","309","244",
"1400000US53033032602","Census Tract 326.02, King County, Washington","14491","543","13682","492","809","221",
"1400000US53033032702","Census Tract 327.02, King County, Washington","6828","543","6544","520","284","231",
"1400000US53033032703","Census Tract 327.03, King County, Washington","2486","220","2295","215","191","101",
"1400000US53033032704","Census Tract 327.04, King County, Washington","7326","354","6384","693","942","686",
"1400000US53033032800","Census Tract 328, King County, Washington","2557","216","2433","227","124","73",
"1400000US53033990100","Census Tract 9901, King County, Washington","0","12","0","12","0","12",
"1400000US53053060200","Census Tract 602, Pierce County, Washington","2533","388","1465","224","1068","323",
"1400000US53053060300","Census Tract 603, Pierce County, Washington","4773","346","4454","329","319","128",
"1400000US53053060400","Census Tract 604, Pierce County, Washington","4211","332","4086","325","125","105",
"1400000US53053060500","Census Tract 605, Pierce County, Washington","4185","250","3922","268","263","113",
"1400000US53053060600","Census Tract 606, Pierce County, Washington","5793","623","5538","627","255","157",
"1400000US53053060700","Census Tract 607, Pierce County, Washington","6946","494","6291","481","655","333",
"1400000US53053060800","Census Tract 608, Pierce County, Washington","5067","414","4757","382","310","249",
"1400000US53053060903","Census Tract 609.03, Pierce County, Washington","3364","241","3222","242","142","84",
"1400000US53053060904","Census Tract 609.04, Pierce County, Washington","4996","526","4850","549","146","93",
"1400000US53053060905","Census Tract 609.05, Pierce County, Washington","7057","491","6685","489","372","219",
"1400000US53053060906","Census Tract 609.06, Pierce County, Washington","2247","115","2102","133","145","68",
"1400000US53053061001","Census Tract 610.01, Pierce County, Washington","4268","417","4000","425","268","126",
"1400000US53053061002","Census Tract 610.02, Pierce County, Washington","4544","542","4168","556","376","215",
"1400000US53053061100","Census Tract 611, Pierce County, Washington","6288","486","5985","467","303","219",
"1400000US53053061200","Census Tract 612, Pierce County, Washington","5123","478","4826","478","297","136",
"1400000US53053061300","Census Tract 613, Pierce County, Washington","4992","457","4424","391","568","289",
"1400000US53053061400","Census Tract 614, Pierce County, Washington","3166","579","2859","497","307","119",
"1400000US53053061500","Census Tract 615, Pierce County, Washington","4969","366","4546","352","423","159",
"1400000US53053061601","Census Tract 616.01, Pierce County, Washington","1875","162","1683","171","192","96",
"1400000US53053061602","Census Tract 616.02, Pierce County, Washington","807","230","671","231","136","48",
"1400000US53053061700","Census Tract 617, Pierce County, Washington","5506","766","4653","727","853","324",
"1400000US53053061800","Census Tract 618, Pierce County, Washington","2819","301","2624","298","195","121",
"1400000US53053061900","Census Tract 619, Pierce County, Washington","1797","190","1477","159","320","185",
"1400000US53053062000","Census Tract 620, Pierce County, Washington","4621","340","3459","234","1162","315",
"1400000US53053062300","Census Tract 623, Pierce County, Washington","5824","379","4458","387","1366","253",
"1400000US53053062400","Census Tract 624, Pierce County, Washington","6734","778","6230","816","504","159",
"1400000US53053062500","Census Tract 625, Pierce County, Washington","7381","672","6421","631","960","447",
"1400000US53053062600","Census Tract 626, Pierce County, Washington","3827","348","3326","284","501","225",
"1400000US53053062801","Census Tract 628.01, Pierce County, Washington","7167","527","6012","555","1155","412",
"1400000US53053062802","Census Tract 628.02, Pierce County, Washington","4416","408","4068","499","348","326",
"1400000US53053062900","Census Tract 629, Pierce County, Washington","7586","579","6395","561","1191","360",
"1400000US53053063000","Census Tract 630, Pierce County, Washington","3375","401","3025","449","350","201",
"1400000US53053063100","Census Tract 631, Pierce County, Washington","4616","488","3855","349","761","433",
"1400000US53053063200","Census Tract 632, Pierce County, Washington","5425","388","4777","384","648","148",
"1400000US53053063300","Census Tract 633, Pierce County, Washington","8721","703","6525","757","2196","527",
"1400000US53053063400","Census Tract 634, Pierce County, Washington","7900","677","6842","673","1058","543",
"1400000US53053063501","Census Tract 635.01, Pierce County, Washington","4354","341","3520","414","834","381",
"1400000US53053063502","Census Tract 635.02, Pierce County, Washington","4668","375","4227","352","441","205",
"1400000US53053070100","Census Tract 701, Pierce County, Washington","3795","415","3423","398","372","216",
"1400000US53053070203","Census Tract 702.03, Pierce County, Washington","8577","638","7862","670","715","172",
"1400000US53053070204","Census Tract 702.04, Pierce County, Washington","3636","330","3392","302","244","141",
"1400000US53053070205","Census Tract 702.05, Pierce County, Washington","3397","291","2960","289","437","284",
"1400000US53053070206","Census Tract 702.06, Pierce County, Washington","4213","308","4046","307","167","93",
"1400000US53053070207","Census Tract 702.07, Pierce County, Washington","5548","277","5345","378","203","245",
"1400000US53053070307","Census Tract 703.07, Pierce County, Washington","5504","337","5163","367","341","199",
"1400000US53053070308","Census Tract 703.08, Pierce County, Washington","4276","350","4042","345","234","138",
"1400000US53053070309","Census Tract 703.09, Pierce County, Washington","5568","381","5298","393","270","79",
"1400000US53053070310","Census Tract 703.10, Pierce County, Washington","5382","385","4909","397","473","164",
"1400000US53053070311","Census Tract 703.11, Pierce County, Washington","5142","335","4584","352","558","179",
"1400000US53053070312","Census Tract 703.12, Pierce County, Washington","6656","400","5917","323","739","292",
"1400000US53053070313","Census Tract 703.13, Pierce County, Washington","6332","330","5886","332","446","310",
"1400000US53053070314","Census Tract 703.14, Pierce County, Washington","3437","227","3185","246","252","174",
"1400000US53053070315","Census Tract 703.15, Pierce County, Washington","6268","390","5793","368","475","103",
"1400000US53053070316","Census Tract 703.16, Pierce County, Washington","5617","294","5393","330","224","158",
"1400000US53053070401","Census Tract 704.01, Pierce County, Washington","1923","187","1851","184","72","50",
"1400000US53053070403","Census Tract 704.03, Pierce County, Washington","3862","340","3417","358","445","312",
"1400000US53053070404","Census Tract 704.04, Pierce County, Washington","5287","289","5028","296","259","187",
"1400000US53053070703","Census Tract 707.03, Pierce County, Washington","6298","133","5648","219","650","182",
"1400000US53053071100","Census Tract 711, Pierce County, Washington","2522","185","2295","244","227","166",
"1400000US53053071205","Census Tract 712.05, Pierce County, Washington","5045","294","4678","371","367","188",
"1400000US53053071206","Census Tract 712.06, Pierce County, Washington","6705","547","6185","545","520","99",
"1400000US53053071207","Census Tract 712.07, Pierce County, Washington","6707","482","5608","596","1099","473",
"1400000US53053071208","Census Tract 712.08, Pierce County, Washington","8060","746","7146","722","914","322",
"1400000US53053071209","Census Tract 712.09, Pierce County, Washington","3974","228","3824","244","150","153",
"1400000US53053071210","Census Tract 712.10, Pierce County, Washington","5609","381","5418","395","191","96",
"1400000US53053071304","Census Tract 713.04, Pierce County, Washington","6900","635","5931","875","969","641",
"1400000US53053071305","Census Tract 713.05, Pierce County, Washington","4005","378","3432","253","573","325",
"1400000US53053071306","Census Tract 713.06, Pierce County, Washington","6899","458","6278","464","621","147",
"1400000US53053071307","Census Tract 713.07, Pierce County, Washington","5204","377","4677","341","527","322",
"1400000US53053071309","Census Tract 713.09, Pierce County, Washington","4630","396","4018","356","612","286",
"1400000US53053071310","Census Tract 713.10, Pierce County, Washington","6028","492","5440","554","588","239",
"1400000US53053071403","Census Tract 714.03, Pierce County, Washington","4206","351","3903","367","303","135",
"1400000US53053071406","Census Tract 714.06, Pierce County, Washington","7928","635","6722","621","1206","231",
"1400000US53053071407","Census Tract 714.07, Pierce County, Washington","7207","523","6685","501","522","278",
"1400000US53053071408","Census Tract 714.08, Pierce County, Washington","3798","401","3302","410","496","245",
"1400000US53053071409","Census Tract 714.09, Pierce County, Washington","4344","473","3744","471","600","179",
"1400000US53053071410","Census Tract 714.10, Pierce County, Washington","8586","561","7916","720","670","452",
"1400000US53053071411","Census Tract 714.11, Pierce County, Washington","6555","587","5324","657","1231","361",
"1400000US53053071503","Census Tract 715.03, Pierce County, Washington","5016","411","4655","404","361","96",
"1400000US53053071504","Census Tract 715.04, Pierce County, Washington","5949","411","5192","376","757","164",
"1400000US53053071505","Census Tract 715.05, Pierce County, Washington","5423","407","5114","401","309","134",
"1400000US53053071506","Census Tract 715.06, Pierce County, Washington","5252","484","4549","462","703","348",
"1400000US53053071601","Census Tract 716.01, Pierce County, Washington","5171","456","3075","376","2096","500",
"1400000US53053071602","Census Tract 716.02, Pierce County, Washington","8407","1066","7025","966","1382","393",
"1400000US53053071703","Census Tract 717.03, Pierce County, Washington","4156","524","2677","386","1479","452",
"1400000US53053071704","Census Tract 717.04, Pierce County, Washington","4705","491","2731","497","1974","523",
"1400000US53053071705","Census Tract 717.05, Pierce County, Washington","3964","400","3055","375","909","337",
"1400000US53053071706","Census Tract 717.06, Pierce County, Washington","1935","276","1770","288","165","114",
"1400000US53053071707","Census Tract 717.07, Pierce County, Washington","2504","251","2375","253","129","81",
"1400000US53053071803","Census Tract 718.03, Pierce County, Washington","5634","532","5040","609","594","376",
"1400000US53053071805","Census Tract 718.05, Pierce County, Washington","3780","399","2821","396","959","355",
"1400000US53053071806","Census Tract 718.06, Pierce County, Washington","3699","344","2493","300","1206","332",
"1400000US53053071807","Census Tract 718.07, Pierce County, Washington","3892","383","2800","346","1092","397",
"1400000US53053071808","Census Tract 718.08, Pierce County, Washington","4483","373","2864","312","1619","350",
"1400000US53053071901","Census Tract 719.01, Pierce County, Washington","5056","423","4356","540","700","439",
"1400000US53053071902","Census Tract 719.02, Pierce County, Washington","5452","377","4896","393","556","268",
"1400000US53053072000","Census Tract 720, Pierce County, Washington","4442","561","3730","627","712","331",
"1400000US53053072105","Census Tract 721.05, Pierce County, Washington","5544","486","5105","501","439","178",
"1400000US53053072106","Census Tract 721.06, Pierce County, Washington","6942","458","6135","458","807","263",
"1400000US53053072107","Census Tract 721.07, Pierce County, Washington","4156","294","3523","322","633","206",
"1400000US53053072108","Census Tract 721.08, Pierce County, Washington","5100","364","4528","366","572","195",
"1400000US53053072109","Census Tract 721.09, Pierce County, Washington","3274","219","2907","211","367","138",
"1400000US53053072111","Census Tract 721.11, Pierce County, Washington","2855","239","2605","268","250","119",
"1400000US53053072112","Census Tract 721.12, Pierce County, Washington","4946","512","4031","432","915","400",
"1400000US53053072305","Census Tract 723.05, Pierce County, Washington","6132","211","5724","219","408","108",
"1400000US53053072307","Census Tract 723.07, Pierce County, Washington","4967","322","4532","298","435","236",
"1400000US53053072308","Census Tract 723.08, Pierce County, Washington","7942","469","7344","493","598","191",
"1400000US53053072309","Census Tract 723.09, Pierce County, Washington","6290","568","5889","583","401","261",
"1400000US53053072310","Census Tract 723.10, Pierce County, Washington","3955","218","3643","240","312","138",
"1400000US53053072311","Census Tract 723.11, Pierce County, Washington","4843","275","4287","335","556","260",
"1400000US53053072312","Census Tract 723.12, Pierce County, Washington","5612","416","5356","414","256","184",
"1400000US53053072313","Census Tract 723.13, Pierce County, Washington","3787","247","3599","241","188","107",
"1400000US53053072405","Census Tract 724.05, Pierce County, Washington","4152","236","3764","263","388","200",
"1400000US53053072406","Census Tract 724.06, Pierce County, Washington","6103","584","5652","567","451","252",
"1400000US53053072407","Census Tract 724.07, Pierce County, Washington","4813","444","4627","530","186","189",
"1400000US53053072408","Census Tract 724.08, Pierce County, Washington","6063","409","5833","444","230","185",
"1400000US53053072409","Census Tract 724.09, Pierce County, Washington","2577","153","2473","160","104","53",
"1400000US53053072410","Census Tract 724.10, Pierce County, Washington","3918","323","3793","309","125","119",
"1400000US53053072503","Census Tract 725.03, Pierce County, Washington","4294","425","4157","410","137","103",
"1400000US53053072504","Census Tract 725.04, Pierce County, Washington","5000","346","4731","332","269","137",
"1400000US53053072505","Census Tract 725.05, Pierce County, Washington","8907","686","8178","469","729","404",
"1400000US53053072506","Census Tract 725.06, Pierce County, Washington","3625","307","3589","305","36","28",
"1400000US53053072507","Census Tract 725.07, Pierce County, Washington","3046","300","2997","294","49","43",
"1400000US53053072601","Census Tract 726.01, Pierce County, Washington","6419","760","6150","737","269","197",
"1400000US53053072602","Census Tract 726.02, Pierce County, Washington","4008","549","3942","537","66","55",
"1400000US53053072603","Census Tract 726.03, Pierce County, Washington","5534","701","5413","725","121","157",
"1400000US53053072800","Census Tract 728, Pierce County, Washington","9435","29","8593","249","842","242",
"1400000US53053072901","Census Tract 729.01, Pierce County, Washington","3381","333","2505","293","876","265",
"1400000US53053072903","Census Tract 729.03, Pierce County, Washington","6355","597","5163","624","1192","240",
"1400000US53053072905","Census Tract 729.05, Pierce County, Washington","6180","408","5164","490","1016","261",
"1400000US53053072906","Census Tract 729.06, Pierce County, Washington","1995","431","1641","408","354","125",
"1400000US53053072907","Census Tract 729.07, Pierce County, Washington","5029","473","3660","445","1369","221",
"1400000US53053073001","Census Tract 730.01, Pierce County, Washington","6507","673","6175","689","332","268",
"1400000US53053073005","Census Tract 730.05, Pierce County, Washington","4940","567","4745","584","195","148",
"1400000US53053073006","Census Tract 730.06, Pierce County, Washington","4284","361","4021","350","263","177",
"1400000US53053073108","Census Tract 731.08, Pierce County, Washington","9662","803","8339","876","1323","483",
"1400000US53053073110","Census Tract 731.10, Pierce County, Washington","3807","426","3492","457","315","188",
"1400000US53053073111","Census Tract 731.11, Pierce County, Washington","4406","315","3873","299","533","264",
"1400000US53053073113","Census Tract 731.13, Pierce County, Washington","7988","795","7199","761","789","399",
"1400000US53053073114","Census Tract 731.14, Pierce County, Washington","5590","498","5190","471","400","209",
"1400000US53053073115","Census Tract 731.15, Pierce County, Washington","4741","356","4483","359","258","122",
"1400000US53053073116","Census Tract 731.16, Pierce County, Washington","5407","552","4802","554","605","269",
"1400000US53053073117","Census Tract 731.17, Pierce County, Washington","3912","381","3824","382","88","66",
"1400000US53053073118","Census Tract 731.18, Pierce County, Washington","4434","335","4262","362","172","108",
"1400000US53053073119","Census Tract 731.19, Pierce County, Washington","3119","380","2892","401","227","225",
"1400000US53053073120","Census Tract 731.20, Pierce County, Washington","4816","434","4453","436","363","159",
"1400000US53053073121","Census Tract 731.21, Pierce County, Washington","4492","273","3915","292","577","168",
"1400000US53053073122","Census Tract 731.22, Pierce County, Washington","5402","351","4509","322","893","262",
"1400000US53053073123","Census Tract 731.23, Pierce County, Washington","5171","284","4777","360","394","239",
"1400000US53053073124","Census Tract 731.24, Pierce County, Washington","3604","341","3256","377","348","211",
"1400000US53053073125","Census Tract 731.25, Pierce County, Washington","12002","682","10716","640","1286","304",
"1400000US53053073126","Census Tract 731.26, Pierce County, Washington","4608","370","4188","437","420","319",
"1400000US53053073200","Census Tract 732, Pierce County, Washington","6804","625","6378","570","426","243",
"1400000US53053073301","Census Tract 733.01, Pierce County, Washington","5489","300","4611","447","878","354",
"1400000US53053073302","Census Tract 733.02, Pierce County, Washington","4670","295","4226","326","444","367",
"1400000US53053073404","Census Tract 734.04, Pierce County, Washington","6545","507","5993","514","552","181",
"1400000US53053073405","Census Tract 734.05, Pierce County, Washington","3794","290","3292","300","502","235",
"1400000US53053073406","Census Tract 734.06, Pierce County, Washington","5815","445","5034","501","781","310",
"1400000US53053073407","Census Tract 734.07, Pierce County, Washington","3525","324","3386","340","139","91",
"1400000US53053073408","Census Tract 734.08, Pierce County, Washington","4317","270","3813","277","504","190",
"1400000US53053073500","Census Tract 735, Pierce County, Washington","8566","238","8113","400","453","325",
"1400000US53053940001","Census Tract 9400.01, Pierce County, Washington","2856","164","2734","163","122","47",
"1400000US53053940002","Census Tract 9400.02, Pierce County, Washington","4714","365","4138","372","576","180",
"1400000US53053940003","Census Tract 9400.03, Pierce County, Washington","7716","335","6609","328","1107","252",
"1400000US53053940004","Census Tract 9400.04, Pierce County, Washington","6417","321","6037","345","380","150",
"1400000US53053940005","Census Tract 9400.05, Pierce County, Washington","6237","328","5190","295","1047","189",
"1400000US53053940006","Census Tract 9400.06, Pierce County, Washington","3431","231","3173","232","258","92",
"1400000US53053940007","Census Tract 9400.07, Pierce County, Washington","3265","284","2670","292","595","221",
"1400000US53053940008","Census Tract 9400.08, Pierce County, Washington","6258","250","5558","241","700","207",
"1400000US53053940009","Census Tract 9400.09, Pierce County, Washington","3141","235","2810","209","331","132",
"1400000US53053940010","Census Tract 9400.10, Pierce County, Washington","4541","328","4118","313","423","176",
"1400000US53053940011","Census Tract 9400.11, Pierce County, Washington","4350","197","4145","188","205","74",
"1400000US53061040100","Census Tract 401, Snohomish County, Washington","5173","537","4891","526","282","91",
"1400000US53061040200","Census Tract 402, Snohomish County, Washington","6163","546","5575","562","588","228",
"1400000US53061040300","Census Tract 403, Snohomish County, Washington","3123","290","2889","305","234","157",
"1400000US53061040400","Census Tract 404, Snohomish County, Washington","4717","711","4004","719","713","295",
"1400000US53061040500","Census Tract 405, Snohomish County, Washington","2281","174","2056","172","225","115",
"1400000US53061040700","Census Tract 407, Snohomish County, Washington","4591","433","4150","454","441","217",
"1400000US53061040800","Census Tract 408, Snohomish County, Washington","2913","243","2769","236","144","94",
"1400000US53061040900","Census Tract 409, Snohomish County, Washington","3087","238","2854","246","233","103",
"1400000US53061041000","Census Tract 410, Snohomish County, Washington","5136","472","4941","463","195","126",
"1400000US53061041100","Census Tract 411, Snohomish County, Washington","4914","300","4352","439","562","231",
"1400000US53061041201","Census Tract 412.01, Snohomish County, Washington","3332","209","3158","244","174","121",
"1400000US53061041202","Census Tract 412.02, Snohomish County, Washington","6128","486","5126","367","1002","442",
"1400000US53061041301","Census Tract 413.01, Snohomish County, Washington","5733","441","5409","456","324","236",
"1400000US53061041303","Census Tract 413.03, Snohomish County, Washington","4446","433","3863","341","583","378",
"1400000US53061041304","Census Tract 413.04, Snohomish County, Washington","3134","201","2850","254","284","202",
"1400000US53061041400","Census Tract 414, Snohomish County, Washington","5689","439","4652","404","1037","349",
"1400000US53061041500","Census Tract 415, Snohomish County, Washington","1542","290","1514","289","28","20",
"1400000US53061041601","Census Tract 416.01, Snohomish County, Washington","6770","419","6113","411","657","204",
"1400000US53061041605","Census Tract 416.05, Snohomish County, Washington","6448","562","5511","484","937","640",
"1400000US53061041606","Census Tract 416.06, Snohomish County, Washington","5205","539","4615","484","590","381",
"1400000US53061041607","Census Tract 416.07, Snohomish County, Washington","4131","185","3936","213","195","97",
"1400000US53061041608","Census Tract 416.08, Snohomish County, Washington","6823","273","6406","298","417","155",
"1400000US53061041701","Census Tract 417.01, Snohomish County, Washington","6037","495","5412","523","625","238",
"1400000US53061041703","Census Tract 417.03, Snohomish County, Washington","6634","402","5865","430","769","298",
"1400000US53061041704","Census Tract 417.04, Snohomish County, Washington","6125","789","5828","737","297","194",
"1400000US53061041805","Census Tract 418.05, Snohomish County, Washington","6421","462","5242","418","1179","431",
"1400000US53061041806","Census Tract 418.06, Snohomish County, Washington","8449","739","6621","715","1828","627",
"1400000US53061041808","Census Tract 418.08, Snohomish County, Washington","4220","481","3301","331","919","398",
"1400000US53061041809","Census Tract 418.09, Snohomish County, Washington","5435","481","4397","462","1038","483",
"1400000US53061041810","Census Tract 418.10, Snohomish County, Washington","5272","451","4063","458","1209","390",
"1400000US53061041811","Census Tract 418.11, Snohomish County, Washington","7212","529","6647","495","565","254",
"1400000US53061041812","Census Tract 418.12, Snohomish County, Washington","6900","572","5316","523","1584","629",
"1400000US53061041901","Census Tract 419.01, Snohomish County, Washington","5984","391","5119","350","865","227",
"1400000US53061041903","Census Tract 419.03, Snohomish County, Washington","7910","623","5788","570","2122","694",
"1400000US53061041904","Census Tract 419.04, Snohomish County, Washington","5570","545","3052","454","2518","604",
"1400000US53061041905","Census Tract 419.05, Snohomish County, Washington","6161","535","4797","511","1364","475",
"1400000US53061042001","Census Tract 420.01, Snohomish County, Washington","6298","419","5737","374","561","235",
"1400000US53061042003","Census Tract 420.03, Snohomish County, Washington","2850","300","2698","284","152","115",
"1400000US53061042004","Census Tract 420.04, Snohomish County, Washington","4423","392","4352","377","71","62",
"1400000US53061042005","Census Tract 420.05, Snohomish County, Washington","5441","281","5276","316","165","128",
"1400000US53061042006","Census Tract 420.06, Snohomish County, Washington","4656","526","4316","510","340","160",
"1400000US53061050101","Census Tract 501.01, Snohomish County, Washington","3092","209","2913","174","179","95",
"1400000US53061050102","Census Tract 501.02, Snohomish County, Washington","6202","596","5113","561","1089","397",
"1400000US53061050200","Census Tract 502, Snohomish County, Washington","4086","268","3926","284","160","101",
"1400000US53061050300","Census Tract 503, Snohomish County, Washington","5591","363","5494","343","97","80",
"1400000US53061050401","Census Tract 504.01, Snohomish County, Washington","7074","359","6479","410","595","297",
"1400000US53061050402","Census Tract 504.02, Snohomish County, Washington","5846","442","5725","460","121","96",
"1400000US53061050500","Census Tract 505, Snohomish County, Washington","6994","418","6608","456","386","277",
"1400000US53061050600","Census Tract 506, Snohomish County, Washington","1102","134","1085","131","17","14",
"1400000US53061050700","Census Tract 507, Snohomish County, Washington","6341","406","5359","571","982","687",
"1400000US53061050800","Census Tract 508, Snohomish County, Washington","6804","559","6257","439","547","378",
"1400000US53061050900","Census Tract 509, Snohomish County, Washington","3819","396","3184","331","635","376",
"1400000US53061051000","Census Tract 510, Snohomish County, Washington","4342","332","3873","381","469","276",
"1400000US53061051100","Census Tract 511, Snohomish County, Washington","3830","215","3540","220","290","79",
"1400000US53061051200","Census Tract 512, Snohomish County, Washington","4779","306","4093","295","686","200",
"1400000US53061051300","Census Tract 513, Snohomish County, Washington","7304","429","6660","446","644","260",
"1400000US53061051400","Census Tract 514, Snohomish County, Washington","8245","742","5977","530","2268","777",
"1400000US53061051500","Census Tract 515, Snohomish County, Washington","5837","436","5415","440","422","288",
"1400000US53061051601","Census Tract 516.01, Snohomish County, Washington","4772","482","4139","452","633","342",
"1400000US53061051602","Census Tract 516.02, Snohomish County, Washington","3972","357","3708","334","264","144",
"1400000US53061051701","Census Tract 517.01, Snohomish County, Washington","6328","519","5480","544","848","349",
"1400000US53061051702","Census Tract 517.02, Snohomish County, Washington","4944","317","4356","371","588","283",
"1400000US53061051802","Census Tract 518.02, Snohomish County, Washington","6654","505","6106","479","548","346",
"1400000US53061051803","Census Tract 518.03, Snohomish County, Washington","7321","601","4966","447","2355","651",
"1400000US53061051804","Census Tract 518.04, Snohomish County, Washington","7109","713","6301","704","808","395",
"1400000US53061051905","Census Tract 519.05, Snohomish County, Washington","9866","641","8667","626","1199","528",
"1400000US53061051912","Census Tract 519.12, Snohomish County, Washington","2409","146","2250","189","159","128",
"1400000US53061051913","Census Tract 519.13, Snohomish County, Washington","4969","233","4703","258","266","149",
"1400000US53061051914","Census Tract 519.14, Snohomish County, Washington","4166","223","4022","236","144","97",
"1400000US53061051915","Census Tract 519.15, Snohomish County, Washington","8035","512","7644","483","391","155",
"1400000US53061051916","Census Tract 519.16, Snohomish County, Washington","3933","294","3832","322","101","83",
"1400000US53061051917","Census Tract 519.17, Snohomish County, Washington","4335","390","4132","365","203","106",
"1400000US53061051918","Census Tract 519.18, Snohomish County, Washington","5424","361","5051","386","373","280",
"1400000US53061051921","Census Tract 519.21, Snohomish County, Washington","5581","391","4724","292","857","270",
"1400000US53061051922","Census Tract 519.22, Snohomish County, Washington","6048","432","5611","397","437","163",
"1400000US53061051923","Census Tract 519.23, Snohomish County, Washington","7942","632","7274","751","668","401",
"1400000US53061051924","Census Tract 519.24, Snohomish County, Washington","8169","529","7590","573","579","145",
"1400000US53061051925","Census Tract 519.25, Snohomish County, Washington","8619","495","7949","536","670","264",
"1400000US53061051926","Census Tract 519.26, Snohomish County, Washington","5645","325","5418","351","227","145",
"1400000US53061051927","Census Tract 519.27, Snohomish County, Washington","5465","345","5094","361","371","239",
"1400000US53061051928","Census Tract 519.28, Snohomish County, Washington","5832","561","5135","493","697","358",
"1400000US53061052003","Census Tract 520.03, Snohomish County, Washington","11587","948","10590","911","997","521",
"1400000US53061052004","Census Tract 520.04, Snohomish County, Washington","6371","428","6110","428","261","126",
"1400000US53061052005","Census Tract 520.05, Snohomish County, Washington","5684","433","5577","434","107","92",
"1400000US53061052006","Census Tract 520.06, Snohomish County, Washington","4705","202","4316","272","389","217",
"1400000US53061052007","Census Tract 520.07, Snohomish County, Washington","5991","288","5413","300","578","194",
"1400000US53061052104","Census Tract 521.04, Snohomish County, Washington","4205","271","3574","267","631","158",
"1400000US53061052105","Census Tract 521.05, Snohomish County, Washington","1710","151","1685","161","25","34",
"1400000US53061052107","Census Tract 521.07, Snohomish County, Washington","5734","296","5451","305","283","192",
"1400000US53061052108","Census Tract 521.08, Snohomish County, Washington","6464","474","6177","503","287","250",
"1400000US53061052112","Census Tract 521.12, Snohomish County, Washington","2540","222","2284","161","256","183",
"1400000US53061052113","Census Tract 521.13, Snohomish County, Washington","3162","244","3025","251","137","93",
"1400000US53061052114","Census Tract 521.14, Snohomish County, Washington","4765","227","4411","274","354","188",
"1400000US53061052115","Census Tract 521.15, Snohomish County, Washington","7240","366","6571","384","669","218",
"1400000US53061052118","Census Tract 521.18, Snohomish County, Washington","8006","397","7438","387","568","172",
"1400000US53061052203","Census Tract 522.03, Snohomish County, Washington","5445","352","4956","334","489","140",
"1400000US53061052204","Census Tract 522.04, Snohomish County, Washington","5488","305","4838","305","650","142",
"1400000US53061052206","Census Tract 522.06, Snohomish County, Washington","5098","466","4959","453","139","116",
"1400000US53061052207","Census Tract 522.07, Snohomish County, Washington","6382","609","5867","562","515","502",
"1400000US53061052208","Census Tract 522.08, Snohomish County, Washington","4001","275","2808","268","1193","320",
"1400000US53061052209","Census Tract 522.09, Snohomish County, Washington","5732","325","4504","302","1228","271",
"1400000US53061052301","Census Tract 523.01, Snohomish County, Washington","5240","459","4900","471","340","331",
"1400000US53061052302","Census Tract 523.02, Snohomish County, Washington","4562","513","4361","472","201","132",
"1400000US53061052401","Census Tract 524.01, Snohomish County, Washington","4326","285","4067","298","259","206",
"1400000US53061052402","Census Tract 524.02, Snohomish County, Washington","4091","247","3751","334","340","181",
"1400000US53061052502","Census Tract 525.02, Snohomish County, Washington","4979","382","4799","361","180","132",
"1400000US53061052503","Census Tract 525.03, Snohomish County, Washington","8543","496","7767","566","776","319",
"1400000US53061052504","Census Tract 525.04, Snohomish County, Washington","2553","140","2436","135","117","105",
"1400000US53061052603","Census Tract 526.03, Snohomish County, Washington","2599","159","2354","218","245","216",
"1400000US53061052604","Census Tract 526.04, Snohomish County, Washington","4775","298","4148","292","627","153",
"1400000US53061052605","Census Tract 526.05, Snohomish County, Washington","5931","403","5385","442","546","446",
"1400000US53061052606","Census Tract 526.06, Snohomish County, Washington","5463","421","5001","463","462","306",
"1400000US53061052607","Census Tract 526.07, Snohomish County, Washington","6610","302","6190","309","420","145",
"1400000US53061052701","Census Tract 527.01, Snohomish County, Washington","1849","202","1762","190","87","78",
"1400000US53061052705","Census Tract 527.05, Snohomish County, Washington","8990","364","8373","371","617","136",
"1400000US53061052706","Census Tract 527.06, Snohomish County, Washington","6293","348","5248","381","1045","343",
"1400000US53061052707","Census Tract 527.07, Snohomish County, Washington","4659","356","4302","310","357","221",
"1400000US53061052708","Census Tract 527.08, Snohomish County, Washington","5599","276","5126","272","473","135",
"1400000US53061052709","Census Tract 527.09, Snohomish County, Washington","3866","290","3527","306","339","264",
"1400000US53061052803","Census Tract 528.03, Snohomish County, Washington","6414","455","5241","574","1173","499",
"1400000US53061052804","Census Tract 528.04, Snohomish County, Washington","6821","627","6251","659","570","415",
"1400000US53061052805","Census Tract 528.05, Snohomish County, Washington","4226","353","3875","363","351","183",
"1400000US53061052806","Census Tract 528.06, Snohomish County, Washington","7998","501","6619","529","1379","315",
"1400000US53061052903","Census Tract 529.03, Snohomish County, Washington","4413","379","3595","314","818","316",
"1400000US53061052904","Census Tract 529.04, Snohomish County, Washington","5705","432","4851","401","854","269",
"1400000US53061052905","Census Tract 529.05, Snohomish County, Washington","4271","314","3560","311","711","193",
"1400000US53061052906","Census Tract 529.06, Snohomish County, Washington","4835","415","4289","383","546","142",
"1400000US53061053101","Census Tract 531.01, Snohomish County, Washington","4402","472","4149","473","253","149",
"1400000US53061053102","Census Tract 531.02, Snohomish County, Washington","5378","352","4930","357","448","190",
"1400000US53061053201","Census Tract 532.01, Snohomish County, Washington","4281","357","4251","364","30","28",
"1400000US53061053202","Census Tract 532.02, Snohomish County, Washington","4700","264","4444","280","256","156",
"1400000US53061053301","Census Tract 533.01, Snohomish County, Washington","6906","416","6595","483","311","264",
"1400000US53061053302","Census Tract 533.02, Snohomish County, Washington","5325","517","5042","531","283","181",
"1400000US53061053400","Census Tract 534, Snohomish County, Washington","6095","644","5939","625","156","170",
"1400000US53061053504","Census Tract 535.04, Snohomish County, Washington","7021","380","6177","401","844","273",
"1400000US53061053505","Census Tract 535.05, Snohomish County, Washington","5617","392","5241","422","376","247",
"1400000US53061053506","Census Tract 535.06, Snohomish County, Washington","5204","551","5159","539","45","68",
"1400000US53061053507","Census Tract 535.07, Snohomish County, Washington","5407","331","4919","340","488","118",
"1400000US53061053508","Census Tract 535.08, Snohomish County, Washington","3545","270","3442","281","103","99",
"1400000US53061053509","Census Tract 535.09, Snohomish County, Washington","4054","284","3595","272","459","165",
"1400000US53061053602","Census Tract 536.02, Snohomish County, Washington","6192","822","5627","505","565","550",
"1400000US53061053603","Census Tract 536.03, Snohomish County, Washington","4490","318","4340","315","150","91",
"1400000US53061053604","Census Tract 536.04, Snohomish County, Washington","4709","415","4664","417","45","51",
"1400000US53061053700","Census Tract 537, Snohomish County, Washington","3131","378","3023","381","108","81",
"1400000US53061053801","Census Tract 538.01, Snohomish County, Washington","3690","373","3581","420","109","87",
"1400000US53061053802","Census Tract 538.02, Snohomish County, Washington","5893","307","5182","326","711","151",
"1400000US53061053803","Census Tract 538.03, Snohomish County, Washington","4698","345","4216","304","482","269",
"1400000US53061940001","Census Tract 9400.01, Snohomish County, Washington","6065","242","5522","235","543","103",
"1400000US53061940002","Census Tract 9400.02, Snohomish County, Washington","3781","201","3629","208","152","81",
"1400000US53061990002","Census Tract 9900.02, Snohomish County, Washington","0","12","0","12","0","12",
"1400000US53061990100","Census Tract 9901, Snohomish County, Washington","0","12","0","12","0","12",
